KEYWORD,COUNT
space,41
arcade,38
ganes,34
kerbal,30
action,28
simulator,26
juegos,26
bazi,24
nasa,23
aerospace,22
dune,22
entertainment,20
rocketship,19
midway,19
casual,19
fly,18
sky,17
moon,17
jump,15
ballz,15
3d,14
starz,13
jpl,13
original,13
vortex,13
99,13
doom,12
education,11
planet,11
universe,11
launcher,11
run,11
adventure,11
decoration,11
odyssey,11
skyview,10
apollo,10
joey,10
planetarium,9
play,9
flight,9
rfs,9
shuttle,9
facade,9
metalstorm,9
gamecube,9
similar,9
war,9
galaxy,9
coloring,9
color,9
sims,9
block,9
gamefly,9
splashy,9
fsx,8
raft,8
battle,8
shooter,8
build,8
dos,8
kids,8
hit,8
spaceship,8
car,8
racing,8
fun,8
glider,8
fireball,8
cessna,7
puzzle,7
tap,7
gabby,7
race,7
jumping,7
ballgame,7
amaze,7
snake,7
iss,6
science,6
io,6
mobike,6
shooting,6
rider,6
mario,6
jetpack,6
road,6
242,6
ups,6
survival,6
sup,6
dash,6
bounce,6
pokey,6
blaster,6
astrology,5
luna,5
guide,5
researcher,5
educate,5
frontier,5
earth,5
alien,5
physics,5
pocket,5
killing,5
gamestop,5
dwarf,5
second,5
studio,5
angry,5
lunar,5
mudding,5
landing,5
fer,5
durango,5
launching,5
subway,5
family,5
slope,5
baseball,5
bat,5
explore,4
nightsky,4
simple,4
system,4
mysterious,4
multiplayer,4
eve,4
sandbox,4
world,4
endless,4
sand,4
dad,4
maps,4
zombie,4
samsam,4
quik,4
messages,4
ar,4
fire,4
flo,4
city,4
pixel,4
pix,4
ailment,4
ins,4
tower,4
bird,4
stimulation,4
girl,4
boy,4
kap,4
787,4
gun,4
apex,4
arc,4
frag,4
emulator,4
mame,4
radical,4
switch,4
vector,4
alto,4
drawing,4
draw,4
aerox,4
aa,4
spiral,4
gameboy,4
pelota,4
stargazer,3
constellation,3
sun,3
skywalk,3
made,3
falcon,3
role,3
mars,3
astronaut,3
multiverse,3
battleship,3
halo,3
fleet,3
starship,3
combat,3
coop,3
piano,3
hole,3
orbit,3
create,3
explorer,3
exploration,3
undead,3
jet,3
bob,3
mmo,3
empire,3
mining,3
astro,3
anno,3
spacetime,3
idle,3
idk,3
ie,3
simcity,3
construction,3
hovercraft,3
multi,3
exploring,3
2nd,3
fallout,3
indie,3
duty,3
blackops,3
sonic,3
airplay,3
fighting,3
fight,3
corgi,3
discover,3
speed,3
path,3
rocket,3
agency,3
mist,3
pubg,3
vr,3
update,3
hero,3
rush,3
doz,3
police,3
please,3
rescue,3
mission,3
nintendo,3
chase,3
ff,3
funny,3
skate,3
running,3
knot,3
sports,3
ea,3
softball,3
snow,3
advertising,3
branding,3
journey,3
rayman,3
psych,3
inside,3
peggle,3
partymasters,3
luigi,3
leprechaun,3
paint,3
pages,3
scribble,3
keynes,3
music,3
crash,3
amerigo,3
helix,3
hex,3
slides,3
stack,3
uno,3
1111,3
surf,3
pitfall,3
squishy,3
digit,3
115,2
skydive,2
pluto,2
centerpoint,2
venus,2
colony,2
saturn,2
cosmonaut,2
blizzard,2
battlefield,2
starcraft,2
battlefront,2
modern,2
trek,2
art,2
black,2
blackhole,2
gravity,2
toss,2
minimal,2
tracker,2
eyes,2
three,2
den,2
horror,2
infected,2
beware,2
stickman,2
water,2
hitman,2
watch,2
night,2
sign,2
starmap,2
estrella,2
chapters,2
spark,2
tesla,2
momo,2
robot,2
scratch,2
max,2
cleo,2
pomodoro,2
pia,2
ellen,2
hunter,2
steve,2
ben,2
character,2
joe,2
dummy,2
charlie,2
bill,2
battalion,2
break,2
tycoon,2
mine,2
rich,2
geometry,2
bridge,2
test,2
subzero,2
nfs,2
scifi,2
mul,2
live,2
rpg,2
drums,2
real,2
gametime,2
judas,2
call,2
farm,2
farming,2
evolution,2
calling,2
17,2
tone,2
seventeen,2
isa,2
freecall,2
ang,2
cellphone,2
2017,2
mutation,2
equipment,2
evolving,2
evolutionary,2
man,2
ark,2
building,2
creating,2
guerrilla,2
gera,2
rover,2
hill,2
aventura,2
fast,2
diversion,2
ways,2
gundam,2
ifun,2
gg,2
gold,2
epic,2
legend,2
stripe,2
reality,2
augmented,2
aug,2
model,2
modelling,2
thestar,2
plane,2
missile,2
driving,2
offroad,2
gogo,2
iwm,2
five,2
backyard,2
pocketgod,2
money,2
dragon,2
coco,2
itd,2
shipyard,2
shep,2
skateboard,2
ski,2
backflip,2
stunt,2
esky,2
extreme,2
cutie,2
snowflake,2
onn,2
astoria,2
jaunt,2
trail,2
ani,2
oreo,2
canon,2
dots,2
green,2
cf,2
ninja,2
clean,2
books,2
fingerhut,2
lab,2
ody,2
upshot,2
entertaining,2
adult,2
smooth,2
meltdown,2
glass,2
impossible,2
disc,2
premium,2
netease,2
droid,2
geisha,2
brain,2
easy,2
voodoo,2
minion,2
home,2
driver,2
knight,2
splash,2
chain,2
line,2
hop,2
sling,2
drift,2
match,2
bored,2
mbl,2
costar,1
apps,1
pattern,1
sanctuary,1
gaze,1
sol,1
cosign,1
avo,1
ragnarok,1
genesis,1
lost,1
tera,1
mercury,1
jupiter,1
thesun,1
starwars,1
aurora,1
eclipse,1
attack,1
reaper,1
olympus,1
blackplanet,1
rihanna,1
pianist,1
marimba,1
avicii,1
smu,1
ian,1
evian,1
express,1
body,1
wikipedia,1
learning,1
fine,1
learn,1
atlas,1
globe,1
scope,1
encyclopedia,1
britannica,1
infection,1
outbreak,1
infectonator,1
biohazard,1
jbs,1
section,1
infestation,1
horrible,1
extinction,1
sing,1
wifi,1
internet,1
light,1
measure,1
measurement,1
skywatch,1
smartwatch,1
dimension,1
above,1
cielo,1
trading,1
mighty,1
albion,1
digging,1
disa,1
nave,1
inline,1
battlestar,1
phone,1
focos,1
controller,1
screen,1
organizer,1
manager,1
screencast,1
addiction,1
procrastination,1
management,1
breaking,1
addict,1
breaktime,1
procrastinate,1
restrict,1
limit,1
focusing,1
breakeven,1
on,1
company,1
economy,1
owner,1
poor,1
become,1
magnate,1
design,1
jigsaw,1
plan,1
playground,1
poly,1
story,1
stories,1
retro,1
storyline,1
hardcore,1
driven,1
pxl,1
intense,1
brutal,1
radio,1
dish,1
find,1
sat,1
detector,1
single,1
appradio,1
international,1
protracker,1
javan,1
serious,1
citizen,1
mmorpg,1
clash,1
civilization,1
train,1
coc,1
td,1
number,1
royale,1
ftl,1
rts,1
minimalist,1
mw2,1
realtime,1
teg,1
mindless,1
grazie,1
teams,1
galaga,1
pacman,1
1945,1
camp,1
classic,1
pac,1
taken,1
mugen,1
nova,1
commander,1
conflict,1
vga,1
mountain,1
smoke,1
dirt,1
blockworld,1
stoner,1
lap,1
dealership,1
blunt,1
planetary,1
square,1
squarespace,1
speedway,1
playboy,1
cube,1
keychain,1
nexus,1
bangladesh,1
dbbl,1
cod,1
fortnight,1
bullet,1
glock,1
nra,1
gigi,1
four,1
force,1
drudge,1
cashapp,1
cash,1
clicker,1
tender,1
cad,1
kenken,1
factory,1
goldstar,1
ten,1
cactus,1
twitch,1
duo,1
oculus,1
fps,1
scary,1
cd,1
pvp,1
fort,1
respawnables,1
seen,1
iii,1
star,1
rockets,1
countdown,1
pornhub,1
radar,1
bang,1
goggle,1
league,1
guardian,1
glide,1
drone,1
goo,1
disk,1
allo,1
imap,1
order,1
count,1
prompt,1
monster,1
apocalypse,1
dead,1
research,1
die,1
pixelart,1
machine,1
flightradar24,1
pilot,1
helicopter,1
chipper,1
apache,1
camion,1
heli,1
sheriff,1
coptic,1
blackhawk,1
montana,1
comanche,1
hubble,1
brave,1
tabs,1
blued,1
slug,1
dauntless,1
tanked,1
metal,1
mundo,1
armani,1
colorbox,1
air,1
dogfight,1
expensive,1
newsy,1
buzz,1
florida,1
newsweek,1
newspaper,1
coverage,1
armstrong,1
information,1
newsroom,1
journalism,1
fifty,1
321,1
launch,1
army,1
ghost,1
dino,1
orange,1
anonymous,1
bluebird,1
gt,1
4x4,1
bb,1
bling,1
icecream,1
isn,1
pocketbook,1
astrological,1
astrolabe,1
animal,1
cannon,1
nuke,1
slingshot,1
distance,1
investor,1
tortoise,1
superfly,1
cannonball,1
tossing,1
chrome,1
panda,1
nick,1
noon,1
diablo,1
rockstar,1
ukulele,1
kim,1
buddy,1
nrc,1
happy,1
perfect,1
elon,1
inc,1
eleven,1
niel,1
eagle,1
landers,1
backspace,1
lander,1
safari,1
desert,1
loveland,1
jumblo,1
gliding,1
stickers,1
serene,1
sne,1
deporte,1
mundial,1
trivia,1
aria,1
mister,1
ahr,1
adventures,1
super,1
monkey,1
ball,1
petsmart,1
pet,1
dwell,1
eden,1
tow,1
oregon,1
sega,1
popular,1
mix,1
control,1
bro,1
brothers,1
soni,1
cat,1
bendy,1
joyride,1
ava,1
boris,1
freestyle,1
crossing,1
crossroads,1
ralph,1
amy,1
airborne,1
jumpy,1
nya,1
dedicated,1
cameron,1
jetman,1
interminable,1
glossy,1
defy,1
crp,1
lifetime,1
infinity,1
graphic,1
atmosphere,1
unreal,1
madness,1
bemo,1
lig,1
adventureland,1
graphisme,1
peachy,1
power,1
mii,1
companion,1
eshop,1
nso,1
n64,1
campion,1
renewal,1
peachtree,1
plant,1
friendly,1
cute,1
eco,1
comet,1
8bit,1
cosmos,1
reloading,1
planting,1
robbing,1
healing,1
anime,1
shadow,1
assassin,1
raid,1
sword,1
crush,1
fantasy,1
blade,1
samurai,1
mini,1
master,1
arena,1
rov,1
mob,1
evil,1
death,1
overlord,1
procreate,1
photo,1
sketchbook,1
sketch,1
painting,1
picture,1
doodle,1
autodesk,1
ibis,1
fresco,1
pencil,1
board,1
artist,1
sai,1
artrage,1
archery,1
anarchy,1
archetype,1
dragons,1
recipes,1
pigment,1
mandala,1
therapist,1
colorbook,1
alps,1
colorblast,1
therapeutic,1
booklet,1
psychotherapy,1
bookman,1
anticipate,1
book,1
for,1
adults,1
god,1
greek,1
atlantis,1
mythology,1
raider,1
mythical,1
cyclops,1
mythos,1
mythological,1
the,1
lite,1
vs,1
odysseus,1
ios,1
transfer,1
chill,1
revive,1
cassette,1
twist,1
hard,1
granny,1
ixl,1
math,1
reflex,1
gra,1
slap,1
reach,1
roll,1
falling,1
bottom,1
freefall,1
feeld,1
area,1
shapr,1
pap,1
dibujo,1
anaconda,1
territory,1
catch,1
flappy,1
deer,1
colorado,1
riseup,1
word,1
buzzfeed,1
quiz,1
exercise,1
smart,1
puzzledom,1
letters,1
challenge,1
addicted,1
chicktionary,1
exercising,1
thinking,1
implosion,1
brainstorming,1
tile,1
basketball,1
upgrade,1
golf,1
knife,1
homerun,1
sausage,1
tsb,1
infinite,1
gf,1
finger,1
house,1
pop,1
pinball,1
eso,1
picker,1
merge,1
high,1
climb,1
keep,1
bubble,1
cloud,1
rise,1
balloon,1
pass,1
skyline,1
smosh,1
1000,1
14,1
guard,1
xbox,1
blast,1
2020,1
madden,1
coin,1
asphalt,1
grab,1
idol,1
guitar,1
bts,1
beats,1
osu,1
songpop,1
gamepigeon,1
township,1
baby,1
pigeon,1
myspace,1
candy,1
po,1
sudoku,1
tetris,1
2048,1
elevate,1
connect,1
garmin,1
relax,1
logic,1
yeecall,1
lego,1
tom,1
meme,1
stampede,1
metro,1
boxer,1
banana,1
box,1
offline,1
pictoword,1
instant,1
ami,1
button,1
cc,1
jam,1
friv,1
ocho,1
redbubble,1
redball,1
dodgeball,1
ad,1
valley,1
dexter,1
vex,1
sti,1
sxs,1
drive,1
overtake,1
fastlane,1
snowman,1
takeover,1
dri,1
cruising,1
ape,1
crazy,1
jumper,1
bouncer,1
cg,1
eight,1
jpm,1
chasing,1
cinco,1
gta,1
budge,1
bbg,1
battleground,1
dnf,1
pepsi,1
christmas,1
4399,1
robocop,1
